oid,action,source,admin_set
2005512,delete,ladybird,brbl
2005513,delete,ladybird,brbl
2005514,delete,ladybird,brbl
2005515,delete,ladybird,brbl
2005516,delete,ladybird,brbl
2005517,delete,ladybird,brbl
2005518,delete,ladybird,brbl
2005519,delete,ladybird,brbl
2005520,delete,ladybird,brbl
2005521,delete,ladybird,brbl
2005522,delete,ladybird,brbl
2005523,delete,ladybird,brbl
2005524,delete,ladybird,brbl
2005525,delete,ladybird,brbl
2005526,delete,ladybird,brbl
2005527,delete,ladybird,brbl
2005528,delete,ladybird,brbl
2005529,delete,ladybird,brbl
2005530,delete,ladybird,brbl
2005531,delete,ladybird,brbl
2005532,delete,ladybird,brbl
2005533,delete,ladybird,brbl
2005534,delete,ladybird,brbl
2005535,delete,ladybird,brbl
2005536,delete,ladybird,brbl
2005537,delete,ladybird,brbl
2005538,delete,ladybird,brbl
2005539,delete,ladybird,brbl
2005540,delete,ladybird,brbl
2005541,delete,ladybird,brbl
2005542,delete,ladybird,brbl
2005543,delete,ladybird,brbl
2005544,delete,ladybird,brbl
2005545,delete,ladybird,brbl
2005546,delete,ladybird,brbl
2005547,delete,ladybird,brbl
2005548,delete,ladybird,brbl
2005549,delete,ladybird,brbl
2005550,delete,ladybird,brbl
2005551,delete,ladybird,brbl
2005552,delete,ladybird,brbl
2005553,delete,ladybird,brbl
2005554,delete,ladybird,brbl
2005555,delete,ladybird,brbl
2005556,delete,ladybird,brbl
2005557,delete,ladybird,brbl
2005558,delete,ladybird,brbl
2005559,delete,ladybird,brbl
2005560,delete,ladybird,brbl
2005561,delete,ladybird,brbl
2005562,delete,ladybird,brbl
